created_at,entry_id,field1,field2,latitude,longitude,elevation,status
2019-01-25 15:13:42 IST,1,19.00,67.00,,,,
2019-01-25 15:14:06 IST,2,20.00,61.00,,,,
2019-01-25 15:14:29 IST,3,20.00,61.00,,,,
2019-01-25 15:14:52 IST,4,21.00,78.00,,,,
2019-01-25 15:15:15 IST,5,21.00,65.00,,,,
2019-01-25 15:15:38 IST,6,21.00,63.00,,,,
2019-01-25 15:16:01 IST,7,21.00,85.00,,,,
2019-01-25 15:16:24 IST,8,21.00,66.00,,,,
2019-01-25 15:17:10 IST,9,21.00,64.00,,,,
2019-01-25 15:17:53 IST,10,21.00,61.00,,,,
2019-01-25 15:18:08 IST,11,21.00,60.00,,,,
2019-01-25 15:18:30 IST,12,21.00,62.00,,,,
2019-01-25 15:18:52 IST,13,21.00,60.00,,,,
2019-01-25 15:19:14 IST,14,21.00,61.00,,,,
2019-01-25 15:19:35 IST,15,21.00,60.00,,,,
2019-01-25 15:19:57 IST,16,21.00,60.00,,,,
2019-01-25 15:20:20 IST,17,21.00,60.00,,,,
2019-01-25 15:20:42 IST,18,21.00,60.00,,,,
2019-01-25 15:21:26 IST,19,22.00,95.00,,,,
2019-01-25 15:21:41 IST,20,21.00,67.00,,,,
2019-01-25 15:21:56 IST,21,21.00,65.00,,,,
2019-01-25 15:22:18 IST,22,21.00,63.00,,,,
2019-01-25 15:22:41 IST,23,21.00,61.00,,,,
2019-01-25 15:23:37 IST,24,21.00,61.00,,,,
2019-01-25 15:23:53 IST,25,21.00,61.00,,,,
2019-01-25 15:24:08 IST,26,21.00,61.00,,,,
2019-01-25 15:24:23 IST,27,21.00,61.00,,,,
2019-01-25 15:25:10 IST,28,21.00,61.00,,,,
2019-01-25 15:25:33 IST,29,21.00,61.00,,,,
2019-01-25 15:25:49 IST,30,22.00,95.00,,,,
2019-01-25 15:26:04 IST,31,22.00,95.00,,,,
2019-01-25 15:26:43 IST,32,21.00,94.00,,,,
2019-01-25 15:27:06 IST,33,23.00,95.00,,,,
2019-01-25 15:27:22 IST,34,23.00,80.00,,,,
2019-01-25 15:27:45 IST,35,22.00,67.00,,,,
2019-01-25 15:28:00 IST,36,22.00,63.00,,,,
2019-01-25 15:28:16 IST,37,21.00,62.00,,,,
2019-01-25 15:28:38 IST,38,21.00,61.00,,,,
2019-01-25 15:28:54 IST,39,21.00,60.00,,,,
2019-01-25 15:29:17 IST,40,21.00,61.00,,,,
2019-01-25 15:29:32 IST,41,21.00,61.00,,,,
2019-01-25 15:29:54 IST,42,21.00,61.00,,,,
2019-01-25 15:30:17 IST,43,21.00,61.00,,,,
2019-01-25 15:30:39 IST,44,21.00,60.00,,,,
2019-01-25 15:30:54 IST,45,21.00,60.00,,,,
2019-01-25 15:31:16 IST,46,21.00,61.00,,,,
2019-01-25 15:31:31 IST,47,21.00,60.00,,,,
2019-01-25 15:31:54 IST,48,21.00,60.00,,,,
2019-01-25 15:32:09 IST,49,21.00,60.00,,,,
2019-01-25 15:32:24 IST,50,21.00,60.00,,,,
2019-01-25 15:32:47 IST,51,21.00,61.00,,,,
2019-01-25 15:33:28 IST,52,,61.00,,,,
2019-01-25 15:33:44 IST,53,,61.00,,,,
2019-01-25 15:33:59 IST,54,,60.00,,,,
2019-01-25 15:34:14 IST,55,,60.00,,,,
2019-01-25 15:34:36 IST,56,,61.00,,,,
2019-01-25 15:34:58 IST,57,,60.00,,,,
2019-01-25 15:35:14 IST,58,,60.00,,,,
2019-01-25 15:35:36 IST,59,,60.00,,,,
2019-01-25 15:35:59 IST,60,,59.00,,,,
2019-01-25 15:36:15 IST,61,,59.00,,,,
2019-01-25 15:36:36 IST,62,,59.00,,,,
2019-01-25 15:36:58 IST,63,,59.00,,,,
2019-01-25 15:37:20 IST,64,,60.00,,,,
2019-01-25 15:37:42 IST,65,,60.00,,,,
2019-01-25 15:37:58 IST,66,,60.00,,,,
2019-01-25 15:38:19 IST,67,,60.00,,,,
2019-01-25 15:38:35 IST,68,,60.00,,,,
2019-01-25 15:38:57 IST,69,,60.00,,,,
2019-01-25 15:39:20 IST,70,,59.00,,,,
2019-01-25 15:39:41 IST,71,,61.00,,,,
2019-01-25 15:40:04 IST,72,,60.00,,,,
2019-01-25 15:40:26 IST,73,,59.00,,,,
2019-01-25 15:40:48 IST,74,,59.00,,,,
2019-01-25 15:41:04 IST,75,,58.00,,,,
2019-01-25 15:41:20 IST,76,,57.00,,,,
2019-01-25 15:41:36 IST,77,,58.00,,,,
2019-01-25 15:41:51 IST,78,,58.00,,,,
2019-01-25 15:42:08 IST,79,,58.00,,,,
2019-01-25 15:42:29 IST,80,,59.00,,,,
2019-01-25 15:42:45 IST,81,,58.00,,,,
2019-01-25 15:43:07 IST,82,,58.00,,,,
2019-01-25 15:43:22 IST,83,,58.00,,,,
2019-01-25 15:43:38 IST,84,,58.00,,,,
2019-01-25 15:43:59 IST,85,,58.00,,,,
2019-01-25 15:44:21 IST,86,,58.00,,,,
2019-01-25 15:45:00 IST,87,21.00,58.00,,,,
2019-01-25 15:45:17 IST,88,21.00,58.00,,,,
2019-01-25 15:45:32 IST,89,21.00,63.00,,,,
2019-01-25 15:45:54 IST,90,21.00,61.00,,,,
2019-01-25 15:46:09 IST,91,21.00,61.00,,,,
2019-01-25 15:46:31 IST,92,21.00,59.00,,,,
2019-01-25 15:46:46 IST,93,21.00,58.00,,,,
2019-01-25 15:47:08 IST,94,21.00,58.00,,,,
2019-01-25 15:47:23 IST,95,21.00,57.00,,,,
2019-01-25 15:47:45 IST,96,21.00,58.00,,,,
2019-01-25 15:48:00 IST,97,21.00,58.00,,,,
2019-01-25 15:48:15 IST,98,21.00,58.00,,,,
2019-01-25 15:48:38 IST,99,21.00,57.00,,,,
2019-01-25 15:49:00 IST,100,22.00,95.00,,,,
2019-01-25 15:49:16 IST,101,22.00,73.00,,,,
2019-01-25 15:49:38 IST,102,22.00,63.00,,,,
2019-01-25 15:50:00 IST,103,21.00,59.00,,,,
2019-01-25 15:50:23 IST,104,21.00,58.00,,,,
2019-01-25 15:50:45 IST,105,21.00,60.00,,,,
2019-01-25 15:51:02 IST,106,21.00,60.00,,,,
2019-01-25 15:51:18 IST,107,21.00,58.00,,,,
2019-01-25 15:51:41 IST,108,21.00,60.00,,,,
2019-01-25 15:51:57 IST,109,21.00,59.00,,,,
2019-01-25 15:52:13 IST,110,21.00,60.00,,,,
2019-01-25 15:52:35 IST,111,21.00,62.00,,,,
2019-01-25 15:52:56 IST,112,21.00,62.00,,,,
2019-01-25 15:53:11 IST,113,21.00,61.00,,,,
2019-01-25 15:53:33 IST,114,21.00,61.00,,,,
2019-01-25 15:53:55 IST,115,21.00,62.00,,,,
2019-01-25 15:54:16 IST,116,21.00,60.00,,,,
2019-01-25 15:54:39 IST,117,21.00,61.00,,,,
2019-01-25 15:54:55 IST,118,21.00,61.00,,,,
2019-01-25 15:55:10 IST,119,21.00,60.00,,,,
2019-01-25 15:55:28 IST,120,21.00,60.00,,,,
2019-01-25 15:55:44 IST,121,21.00,60.00,,,,
2019-01-25 15:56:06 IST,122,21.00,60.00,,,,
2019-01-25 15:56:21 IST,123,21.00,61.00,,,,
2019-01-25 15:56:37 IST,124,21.00,60.00,,,,
2019-01-25 15:56:52 IST,125,21.00,61.00,,,,
2019-01-25 15:57:08 IST,126,21.00,59.00,,,,
2019-01-25 15:57:23 IST,127,21.00,58.00,,,,
2019-01-25 15:57:39 IST,128,21.00,58.00,,,,
2019-01-25 15:57:55 IST,129,21.00,58.00,,,,
2019-01-25 15:58:18 IST,130,21.00,58.00,,,,
2019-01-25 15:58:40 IST,131,21.00,59.00,,,,
2019-01-25 15:58:56 IST,132,21.00,58.00,,,,
2019-01-25 15:59:11 IST,133,21.00,58.00,,,,
2019-01-25 15:59:27 IST,134,21.00,58.00,,,,
2019-01-25 15:59:42 IST,135,21.00,58.00,,,,
2019-01-25 15:59:57 IST,136,21.00,59.00,,,,
2019-01-25 16:00:13 IST,137,21.00,58.00,,,,
2019-01-25 16:00:29 IST,138,21.00,58.00,,,,
2019-01-25 16:00:44 IST,139,21.00,59.00,,,,
2019-01-25 16:00:59 IST,140,21.00,58.00,,,,
2019-01-25 16:01:15 IST,141,21.00,58.00,,,,
2019-01-25 16:01:38 IST,142,21.00,58.00,,,,
2019-01-25 16:02:01 IST,143,21.00,58.00,,,,
2019-01-25 16:02:24 IST,144,21.00,59.00,,,,
2019-01-25 16:02:39 IST,145,21.00,59.00,,,,
2019-01-25 16:03:02 IST,146,21.00,59.00,,,,
2019-01-25 16:03:17 IST,147,21.00,58.00,,,,
2019-01-25 16:03:32 IST,148,21.00,59.00,,,,
2019-01-25 16:03:47 IST,149,21.00,59.00,,,,
2019-01-25 16:04:10 IST,150,21.00,60.00,,,,
2019-01-25 16:04:25 IST,151,21.00,59.00,,,,
2019-01-25 16:04:46 IST,152,21.00,59.00,,,,
2019-01-25 16:05:08 IST,153,21.00,59.00,,,,
2019-01-25 16:05:23 IST,154,21.00,59.00,,,,
2019-01-25 16:05:39 IST,155,21.00,59.00,,,,
2019-01-25 16:05:54 IST,156,21.00,59.00,,,,
2019-01-25 16:06:45 IST,157,,59.00,,,,
2019-01-25 16:07:00 IST,158,,58.00,,,,
2019-01-25 16:07:22 IST,159,,58.00,,,,
2019-01-25 16:07:43 IST,160,,59.00,,,,
2019-01-25 16:08:06 IST,161,,58.00,,,,
2019-01-25 16:08:21 IST,162,,58.00,,,,
2019-01-25 16:08:43 IST,163,,59.00,,,,
2019-01-25 16:09:05 IST,164,,59.00,,,,
2019-01-25 16:09:21 IST,165,,59.00,,,,
2019-01-25 16:09:37 IST,166,,59.00,,,,
2019-01-25 16:09:52 IST,167,,59.00,,,,
2019-01-25 16:10:08 IST,168,,58.00,,,,
2019-01-25 16:10:24 IST,169,,58.00,,,,
2019-01-25 16:10:40 IST,170,,58.00,,,,
2019-01-25 16:10:55 IST,171,,58.00,,,,
2019-01-25 16:11:17 IST,172,,58.00,,,,
2019-01-25 16:11:34 IST,173,,58.00,,,,
2019-01-25 16:11:49 IST,174,,58.00,,,,
2019-01-25 16:12:04 IST,175,,58.00,,,,
2019-01-25 16:12:20 IST,176,,58.00,,,,
2019-01-25 16:12:42 IST,177,,58.00,,,,
2019-01-25 16:13:03 IST,178,,58.00,,,,
2019-01-25 16:13:24 IST,179,,59.00,,,,
2019-01-25 16:13:40 IST,180,,58.00,,,,
2019-01-25 16:14:02 IST,181,,58.00,,,,
2019-01-25 16:14:23 IST,182,,58.00,,,,
2019-01-25 16:14:45 IST,183,,57.00,,,,
2019-01-25 16:15:00 IST,184,,61.00,,,,
2019-01-25 16:15:16 IST,185,,65.00,,,,
2019-01-25 16:15:31 IST,186,,68.00,,,,
2019-01-25 16:15:46 IST,187,,68.00,,,,
2019-01-25 16:16:08 IST,188,,60.00,,,,
2019-01-25 16:16:30 IST,189,,62.00,,,,
2019-01-25 16:16:51 IST,190,,61.00,,,,
2019-01-25 16:17:13 IST,191,,58.00,,,,
2019-01-25 16:17:35 IST,192,,56.00,,,,
2019-01-25 16:17:57 IST,193,,61.00,,,,
2019-01-25 16:18:12 IST,194,,58.00,,,,
2019-01-25 16:18:28 IST,195,,55.00,,,,
2019-01-25 16:18:43 IST,196,,55.00,,,,
2019-01-25 16:18:59 IST,197,,54.00,,,,
2019-01-25 16:19:14 IST,198,,54.00,,,,
2019-01-25 16:19:30 IST,199,,53.00,,,,
2019-01-25 16:19:46 IST,200,,54.00,,,,
2019-01-25 16:20:08 IST,201,,53.00,,,,
2019-01-25 16:20:24 IST,202,,55.00,,,,
2019-01-25 16:20:40 IST,203,,55.00,,,,
2019-01-25 16:21:02 IST,204,,55.00,,,,
2019-01-25 16:21:17 IST,205,,53.00,,,,
2019-01-25 16:21:39 IST,206,,53.00,,,,
2019-01-25 16:21:54 IST,207,,55.00,,,,
2019-01-25 16:22:09 IST,208,,54.00,,,,
2019-01-25 16:22:25 IST,209,,55.00,,,,
2019-01-25 16:22:48 IST,210,,55.00,,,,
2019-01-25 16:23:05 IST,211,,54.00,,,,
2019-01-25 16:23:20 IST,212,,53.00,,,,
2019-01-25 16:23:35 IST,213,,53.00,,,,
2019-01-25 16:23:58 IST,214,,53.00,,,,
2019-01-25 16:24:13 IST,215,,53.00,,,,
2019-01-25 16:24:29 IST,216,,53.00,,,,
2019-01-25 16:24:44 IST,217,,54.00,,,,
2019-01-25 16:25:06 IST,218,,55.00,,,,
2019-01-25 16:25:22 IST,219,,55.00,,,,
2019-01-25 16:25:44 IST,220,,55.00,,,,
2019-01-25 16:26:07 IST,221,,56.00,,,,
2019-01-25 16:26:22 IST,222,,56.00,,,,
2019-01-25 16:26:44 IST,223,,56.00,,,,
2019-01-25 16:26:59 IST,224,,56.00,,,,
2019-01-25 16:27:16 IST,225,,56.00,,,,
2019-01-25 16:27:32 IST,226,,56.00,,,,
2019-01-25 16:27:47 IST,227,,57.00,,,,
2019-01-25 16:28:09 IST,228,,58.00,,,,
2019-01-25 16:28:25 IST,229,,58.00,,,,
2019-01-25 16:28:40 IST,230,,57.00,,,,
2019-01-25 16:28:55 IST,231,,57.00,,,,
2019-01-25 16:29:10 IST,232,,57.00,,,,
2019-01-25 16:29:33 IST,233,,58.00,,,,
2019-01-25 16:29:48 IST,234,,58.00,,,,
2019-01-25 16:30:03 IST,235,,58.00,,,,
2019-01-25 16:30:24 IST,236,,58.00,,,,
2019-01-25 16:30:40 IST,237,,58.00,,,,
2019-01-25 16:31:01 IST,238,,58.00,,,,
2019-01-25 16:31:23 IST,239,,57.00,,,,
2019-01-25 16:31:44 IST,240,,58.00,,,,
2019-01-25 16:32:06 IST,241,,58.00,,,,
2019-01-25 16:32:28 IST,242,,59.00,,,,
2019-01-25 16:32:50 IST,243,,59.00,,,,
2019-01-25 16:33:11 IST,244,,59.00,,,,
2019-01-25 16:33:33 IST,245,,59.00,,,,
2019-01-25 16:33:48 IST,246,,58.00,,,,
2019-01-25 16:34:04 IST,247,,58.00,,,,
2019-01-25 16:34:19 IST,248,,58.00,,,,
2019-01-25 16:34:34 IST,249,,58.00,,,,
2019-01-25 16:34:56 IST,250,,58.00,,,,
2019-01-25 16:35:11 IST,251,,58.00,,,,
2019-01-25 16:35:27 IST,252,,58.00,,,,
2019-01-25 16:35:49 IST,253,,59.00,,,,
2019-01-25 16:36:10 IST,254,,59.00,,,,
2019-01-25 16:36:32 IST,255,,59.00,,,,
2019-01-25 16:36:54 IST,256,,58.00,,,,
2019-01-25 16:37:17 IST,257,,58.00,,,,
2019-01-25 16:37:39 IST,258,,58.00,,,,
2019-01-25 16:37:54 IST,259,,59.00,,,,
2019-01-25 16:38:10 IST,260,,58.00,,,,
2019-01-25 16:38:25 IST,261,,58.00,,,,
2019-01-25 16:38:41 IST,262,,58.00,,,,
2019-01-25 16:39:26 IST,263,22.00,58.00,,,,
2019-01-25 16:39:48 IST,264,22.00,58.00,,,,
2019-01-25 16:40:10 IST,265,22.00,58.00,,,,
2019-01-25 16:40:32 IST,266,22.00,58.00,,,,
2019-01-25 16:40:54 IST,267,22.00,58.00,,,,
2019-01-25 16:41:16 IST,268,22.00,57.00,,,,
2019-01-25 16:41:38 IST,269,22.00,58.00,,,,
2019-01-25 16:42:00 IST,270,21.00,57.00,,,,
2019-01-25 16:42:23 IST,271,21.00,58.00,,,,
2019-01-25 16:42:40 IST,272,21.00,57.00,,,,
2019-01-25 16:42:55 IST,273,21.00,58.00,,,,
2019-01-25 16:43:11 IST,274,21.00,58.00,,,,
2019-01-25 16:43:27 IST,275,21.00,58.00,,,,
2019-01-25 16:43:49 IST,276,21.00,58.00,,,,
2019-01-25 16:44:29 IST,277,,59.00,,,,
2019-01-25 16:44:44 IST,278,,58.00,,,,
2019-01-25 16:44:59 IST,279,,58.00,,,,
2019-01-25 16:45:22 IST,280,,59.00,,,,
2019-01-25 16:45:45 IST,281,,59.00,,,,
2019-01-25 16:46:01 IST,282,,58.00,,,,
2019-01-25 16:46:23 IST,283,,59.00,,,,
2019-01-25 16:46:46 IST,284,,59.00,,,,
2019-01-25 16:47:08 IST,285,,59.00,,,,
2019-01-25 16:47:24 IST,286,,58.00,,,,
2019-01-25 16:47:40 IST,287,,58.00,,,,
2019-01-25 16:47:55 IST,288,,58.00,,,,
2019-01-25 16:48:16 IST,289,,59.00,,,,
2019-01-25 16:49:02 IST,290,21.00,59.00,,,,
2019-01-25 16:49:19 IST,291,21.00,59.00,,,,
2019-01-25 16:49:34 IST,292,20.00,58.00,,,,
2019-01-25 16:49:50 IST,293,20.00,59.00,,,,
2019-01-25 16:50:36 IST,294,,58.00,,,,
2019-01-25 16:50:58 IST,295,,59.00,,,,
2019-01-25 16:51:14 IST,296,,59.00,,,,
2019-01-25 16:51:36 IST,297,,60.00,,,,
2019-01-25 16:52:17 IST,298,20.00,59.00,,,,
2019-01-25 16:52:33 IST,299,20.00,60.00,,,,
2019-01-25 16:52:48 IST,300,20.00,60.00,,,,
2019-01-25 16:53:10 IST,301,20.00,60.00,,,,
2019-01-25 16:53:52 IST,302,,61.00,,,,
2019-01-25 16:54:14 IST,303,,60.00,,,,
2019-01-25 16:54:30 IST,304,,60.00,,,,
2019-01-25 16:54:51 IST,305,,60.00,,,,
2019-01-25 16:55:07 IST,306,,60.00,,,,
2019-01-25 16:55:23 IST,307,,59.00,,,,
2019-01-25 16:56:19 IST,308,20.00,60.00,,,,
2019-01-25 16:56:34 IST,309,20.00,60.00,,,,
2019-01-25 16:56:55 IST,310,20.00,60.00,,,,
2019-01-25 16:57:17 IST,311,20.00,60.00,,,,
2019-01-25 16:57:32 IST,312,20.00,59.00,,,,
2019-01-25 16:58:13 IST,313,,59.00,,,,
2019-01-25 16:58:34 IST,314,,60.00,,,,
2019-01-25 16:58:54 IST,315,,60.00,,,,
2019-01-25 16:59:17 IST,316,,59.00,,,,
2019-01-25 16:59:32 IST,317,,59.00,,,,
2019-01-25 16:59:48 IST,318,,59.00,,,,
2019-01-25 17:00:03 IST,319,,59.00,,,,
2019-01-25 17:00:19 IST,320,,60.00,,,,
2019-01-25 17:00:41 IST,321,,59.00,,,,
2019-01-25 17:00:56 IST,322,,59.00,,,,
2019-01-25 17:01:19 IST,323,,60.00,,,,
2019-01-25 17:01:40 IST,324,,60.00,,,,
2019-01-25 17:01:56 IST,325,,59.00,,,,
2019-01-25 17:02:12 IST,326,,59.00,,,,
2019-01-25 17:02:34 IST,327,,59.00,,,,
2019-01-25 17:02:56 IST,328,,60.00,,,,
2019-01-25 17:03:37 IST,329,20.00,59.00,,,,
2019-01-25 17:03:53 IST,330,20.00,60.00,,,,
2019-01-25 17:04:08 IST,331,20.00,60.00,,,,
2019-01-25 17:04:31 IST,332,20.00,60.00,,,,
2019-01-25 17:04:47 IST,333,20.00,59.00,,,,
2019-01-25 17:05:02 IST,334,20.00,59.00,,,,
2019-01-25 17:05:18 IST,335,20.00,59.00,,,,
2019-01-25 17:05:40 IST,336,20.00,59.00,,,,
2019-01-25 17:05:56 IST,337,20.00,58.00,,,,
2019-01-25 17:06:12 IST,338,20.00,58.00,,,,
2019-01-25 17:06:27 IST,339,20.00,59.00,,,,
2019-01-25 17:06:43 IST,340,20.00,59.00,,,,
2019-01-25 17:06:59 IST,341,20.00,59.00,,,,
2019-01-25 17:07:14 IST,342,20.00,59.00,,,,
2019-01-25 17:07:29 IST,343,20.00,59.00,,,,
2019-01-25 17:07:45 IST,344,20.00,59.00,,,,
2019-01-25 17:08:00 IST,345,20.00,59.00,,,,
2019-01-25 17:08:16 IST,346,20.00,59.00,,,,
2019-01-25 17:08:31 IST,347,20.00,59.00,,,,
2019-01-25 17:08:47 IST,348,20.00,59.00,,,,
2019-01-25 17:09:03 IST,349,20.00,59.00,,,,
2019-01-25 17:09:18 IST,350,20.00,58.00,,,,
2019-01-25 17:09:33 IST,351,20.00,58.00,,,,
2019-01-25 17:09:48 IST,352,20.00,58.00,,,,
2019-01-25 17:10:41 IST,353,,59.00,,,,
2019-01-25 17:10:57 IST,354,,57.00,,,,
2019-01-25 17:11:13 IST,355,,58.00,,,,
2019-01-25 17:11:28 IST,356,,58.00,,,,
2019-01-25 17:11:44 IST,357,,58.00,,,,
2019-01-25 17:12:01 IST,358,,57.00,,,,
2019-01-25 17:12:17 IST,359,,57.00,,,,
2019-01-25 17:12:33 IST,360,,57.00,,,,
2019-01-25 17:12:49 IST,361,,58.00,,,,
2019-01-25 17:13:05 IST,362,,57.00,,,,
2019-01-25 17:13:20 IST,363,,58.00,,,,
2019-01-25 17:13:36 IST,364,,58.00,,,,
2019-01-25 17:13:51 IST,365,,57.00,,,,
2019-01-25 17:14:07 IST,366,,58.00,,,,
2019-01-25 17:14:23 IST,367,,58.00,,,,
2019-01-25 17:14:39 IST,368,,58.00,,,,
2019-01-25 17:14:55 IST,369,,58.00,,,,
2019-01-25 17:15:11 IST,370,,58.00,,,,
2019-01-25 17:15:57 IST,371,20.00,58.00,,,,
2019-01-25 17:16:13 IST,372,21.00,58.00,,,,
2019-01-25 17:16:29 IST,373,20.00,61.00,,,,
2019-01-25 17:16:45 IST,374,24.00,95.00,,,,
2019-01-25 17:17:00 IST,375,27.00,95.00,,,,
2019-01-25 17:17:40 IST,376,,95.00,,,,
2019-01-25 17:18:02 IST,377,,95.00,,,,
2019-01-25 17:18:25 IST,378,,94.00,,,,
2019-01-25 17:18:41 IST,379,,94.00,,,,
2019-01-25 17:18:57 IST,380,,85.00,,,,
2019-01-25 17:19:46 IST,381,21.00,73.00,,,,
2019-01-25 17:20:01 IST,382,20.00,64.00,,,,
2019-01-25 17:20:17 IST,383,20.00,62.00,,,,
2019-01-25 17:20:32 IST,384,20.00,63.00,,,,
2019-01-25 17:20:47 IST,385,20.00,66.00,,,,
2019-01-25 17:21:03 IST,386,20.00,69.00,,,,
2019-01-25 17:21:18 IST,387,21.00,72.00,,,,
2019-01-25 17:21:33 IST,388,22.00,95.00,,,,
2019-01-25 17:21:49 IST,389,26.00,95.00,,,,
2019-01-25 17:22:05 IST,390,24.00,95.00,,,,
2019-01-25 17:22:21 IST,391,23.00,95.00,,,,
2019-01-25 17:22:36 IST,392,22.00,95.00,,,,
2019-01-25 17:22:58 IST,393,22.00,95.00,,,,
2019-01-25 17:23:14 IST,394,21.00,78.00,,,,
2019-01-25 17:23:36 IST,395,21.00,71.00,,,,
2019-01-25 17:23:52 IST,396,21.00,70.00,,,,
2019-01-25 17:24:13 IST,397,21.00,69.00,,,,
2019-01-25 17:24:28 IST,398,21.00,67.00,,,,
2019-01-25 17:24:43 IST,399,20.00,65.00,,,,
2019-01-25 17:25:05 IST,400,20.00,64.00,,,,
2019-01-25 17:25:21 IST,401,20.00,62.00,,,,
2019-01-25 17:25:36 IST,402,20.00,63.00,,,,
2019-01-25 17:25:51 IST,403,20.00,62.00,,,,
2019-01-25 17:26:14 IST,404,20.00,61.00,,,,
2019-01-25 17:26:29 IST,405,20.00,61.00,,,,
2019-01-25 17:26:51 IST,406,20.00,61.00,,,,
2019-01-25 17:27:07 IST,407,20.00,61.00,,,,
2019-01-25 17:27:22 IST,408,20.00,61.00,,,,
2019-01-25 17:27:38 IST,409,20.00,61.00,,,,
2019-01-25 17:27:59 IST,410,20.00,62.00,,,,
2019-01-25 17:28:15 IST,411,20.00,62.00,,,,
2019-01-25 17:28:30 IST,412,20.00,61.00,,,,
2019-01-25 17:28:45 IST,413,20.00,61.00,,,,
2019-01-25 17:29:01 IST,414,20.00,62.00,,,,
2019-01-25 17:29:16 IST,415,20.00,61.00,,,,
2019-01-25 17:29:33 IST,416,20.00,61.00,,,,
2019-01-25 17:29:48 IST,417,20.00,61.00,,,,
2019-01-25 17:30:04 IST,418,20.00,61.00,,,,
2019-01-25 17:30:19 IST,419,20.00,61.00,,,,
2019-01-25 17:30:34 IST,420,20.00,61.00,,,,
2019-01-25 17:30:51 IST,421,20.00,61.00,,,,
2019-01-25 17:31:07 IST,422,20.00,60.00,,,,
2019-01-25 17:31:29 IST,423,20.00,61.00,,,,
2019-01-25 17:31:45 IST,424,20.00,61.00,,,,
2019-01-25 17:32:07 IST,425,20.00,62.00,,,,
2019-01-25 17:32:22 IST,426,20.00,62.00,,,,
2019-01-25 17:32:45 IST,427,20.00,62.00,,,,
2019-01-25 17:33:07 IST,428,20.00,62.00,,,,
2019-01-25 17:33:29 IST,429,20.00,62.00,,,,
2019-01-25 17:33:52 IST,430,20.00,62.00,,,,
2019-01-25 17:34:07 IST,431,20.00,61.00,,,,
2019-01-25 17:34:23 IST,432,20.00,61.00,,,,
2019-01-25 17:34:38 IST,433,20.00,62.00,,,,
2019-01-25 17:35:00 IST,434,20.00,62.00,,,,
2019-01-25 17:35:15 IST,435,20.00,63.00,,,,
2019-01-25 17:35:31 IST,436,20.00,62.00,,,,
2019-01-25 17:35:53 IST,437,19.00,62.00,,,,
2019-01-25 17:36:15 IST,438,21.00,94.00,,,,
2019-01-25 17:36:31 IST,439,22.00,95.00,,,,
2019-01-25 17:36:46 IST,440,21.00,94.00,,,,
2019-01-25 17:37:02 IST,441,20.00,91.00,,,,
2019-01-25 17:37:24 IST,442,20.00,71.00,,,,
2019-01-25 17:37:40 IST,443,20.00,67.00,,,,
2019-01-25 17:37:55 IST,444,20.00,65.00,,,,
2019-01-25 17:38:17 IST,445,20.00,64.00,,,,
2019-01-25 17:38:33 IST,446,20.00,64.00,,,,
2019-01-25 17:38:48 IST,447,20.00,64.00,,,,
2019-01-25 17:39:04 IST,448,20.00,63.00,,,,
2019-01-25 17:39:19 IST,449,20.00,63.00,,,,
2019-01-25 17:39:35 IST,450,20.00,63.00,,,,
2019-01-25 17:39:50 IST,451,20.00,63.00,,,,
2019-01-25 17:40:06 IST,452,20.00,63.00,,,,
2019-01-25 17:40:22 IST,453,20.00,63.00,,,,
2019-01-25 17:40:39 IST,454,20.00,62.00,,,,
2019-01-25 17:40:54 IST,455,20.00,62.00,,,,
2019-01-25 17:41:10 IST,456,20.00,62.00,,,,
2019-01-25 17:41:32 IST,457,20.00,62.00,,,,
2019-01-25 17:41:47 IST,458,20.00,61.00,,,,
2019-01-25 17:42:09 IST,459,20.00,61.00,,,,
2019-01-25 17:42:25 IST,460,20.00,61.00,,,,
2019-01-25 17:42:41 IST,461,20.00,61.00,,,,
2019-01-25 17:43:03 IST,462,20.00,61.00,,,,
2019-01-25 17:43:18 IST,463,20.00,61.00,,,,
2019-01-25 17:43:40 IST,464,20.00,61.00,,,,
2019-01-25 17:43:55 IST,465,20.00,60.00,,,,
2019-01-25 17:44:11 IST,466,20.00,60.00,,,,
2019-01-25 17:44:34 IST,467,20.00,60.00,,,,
2019-01-25 17:44:50 IST,468,20.00,60.00,,,,
2019-01-25 17:45:12 IST,469,20.00,61.00,,,,
2019-01-26 12:38:29 IST,470,,0.00,,,,
2019-01-26 12:38:52 IST,471,,0.00,,,,
2019-01-26 12:39:15 IST,472,,0.00,,,,
2019-01-26 12:39:38 IST,473,,0.00,,,,
2019-01-26 12:40:01 IST,474,,0.00,,,,
2019-01-26 12:40:24 IST,475,,0.00,,,,
2019-01-26 12:40:59 IST,476,,0.00,,,,
2019-01-26 12:41:21 IST,477,,0.00,,,,
2019-01-26 12:41:36 IST,478,,0.00,,,,
2019-01-26 12:41:57 IST,479,,0.00,,,,
2019-01-26 12:42:12 IST,480,,0.00,,,,
2019-01-26 12:42:34 IST,481,,0.00,,,,
2019-01-26 12:42:55 IST,482,,0.00,,,,
2019-01-26 12:43:35 IST,483,0.00,0.00,,,,
2019-01-26 12:43:57 IST,484,0.00,0.00,,,,
2019-01-26 12:45:11 IST,485,0.00,0.00,,,,
2019-01-26 12:45:33 IST,486,0.00,0.00,,,,
2019-01-26 12:46:11 IST,487,0.00,0.00,,,,
2019-01-26 12:46:32 IST,488,0.00,0.00,,,,
2019-01-26 12:46:49 IST,489,0.00,0.00,,,,
2019-01-26 12:48:26 IST,490,20.00,61.00,,,,
2019-01-26 12:48:47 IST,491,19.00,57.00,,,,
2019-01-26 12:49:08 IST,492,19.00,58.00,,,,
2019-01-26 12:49:29 IST,493,19.00,58.00,,,,
2019-01-26 12:49:50 IST,494,19.00,59.00,,,,
2019-01-26 12:50:12 IST,495,19.00,59.00,,,,
2019-01-26 12:50:33 IST,496,19.00,59.00,,,,
2019-01-26 12:50:54 IST,497,19.00,60.00,,,,
2019-01-26 12:51:16 IST,498,19.00,60.00,,,,
2019-01-26 12:51:37 IST,499,19.00,60.00,,,,
2019-01-26 12:51:58 IST,500,19.00,60.00,,,,
2019-01-26 12:52:19 IST,501,19.00,60.00,,,,
2019-01-26 12:52:41 IST,502,19.00,60.00,,,,
2019-01-26 12:53:02 IST,503,19.00,60.00,,,,
2019-01-26 12:53:23 IST,504,19.00,61.00,,,,
2019-01-26 12:53:40 IST,505,19.00,61.00,,,,
2019-01-26 12:54:02 IST,506,19.00,60.00,,,,
2019-01-26 12:54:23 IST,507,19.00,60.00,,,,
2019-01-26 12:54:44 IST,508,19.00,79.00,,,,
2019-01-26 12:55:06 IST,509,20.00,61.00,,,,
2019-01-26 12:55:27 IST,510,21.00,81.00,,,,
2019-01-26 12:55:48 IST,511,21.00,61.00,,,,
2019-01-26 12:56:31 IST,512,,57.00,,,,
2019-01-26 12:56:46 IST,513,,54.00,,,,
2019-01-26 12:57:01 IST,514,,55.00,,,,
2019-01-26 12:57:17 IST,515,,55.00,,,,
2019-01-26 12:57:32 IST,516,,56.00,,,,
2019-01-26 12:57:54 IST,517,,57.00,,,,
2019-01-26 12:58:10 IST,518,,57.00,,,,
2019-01-26 12:58:25 IST,519,,56.00,,,,
2019-01-26 12:58:41 IST,520,,57.00,,,,
2019-01-26 12:58:56 IST,521,,57.00,,,,
2019-01-26 12:59:11 IST,522,,57.00,,,,
2019-01-26 12:59:27 IST,523,,59.00,,,,
2019-01-26 12:59:42 IST,524,,58.00,,,,
2019-01-26 12:59:57 IST,525,,58.00,,,,
2019-01-26 13:00:13 IST,526,,59.00,,,,
2019-01-26 13:00:28 IST,527,,58.00,,,,
2019-01-26 13:00:44 IST,528,,59.00,,,,
2019-01-26 13:00:59 IST,529,,58.00,,,,
2019-01-26 13:01:16 IST,530,,58.00,,,,
2019-01-26 13:01:38 IST,531,,59.00,,,,
2019-01-26 13:02:00 IST,532,,59.00,,,,
2019-01-26 13:02:16 IST,533,,59.00,,,,
2019-01-26 13:02:31 IST,534,,58.00,,,,
2019-01-26 13:02:52 IST,535,,60.00,,,,
2019-01-26 13:03:07 IST,536,,59.00,,,,
2019-01-26 13:03:23 IST,537,,60.00,,,,
2019-01-26 13:03:45 IST,538,,60.00,,,,
2019-01-26 13:04:01 IST,539,,59.00,,,,
2019-01-26 13:04:16 IST,540,,59.00,,,,
2019-01-26 13:04:31 IST,541,,59.00,,,,
2019-01-26 13:04:54 IST,542,,59.00,,,,
2019-01-26 13:05:09 IST,543,,58.00,,,,
2019-01-26 13:05:31 IST,544,,59.00,,,,
2019-01-26 13:05:53 IST,545,,59.00,,,,
2019-01-26 13:06:08 IST,546,,58.00,,,,
2019-01-26 13:06:24 IST,547,,58.00,,,,
2019-01-26 13:06:39 IST,548,,58.00,,,,
2019-01-26 13:07:02 IST,549,,59.00,,,,
2019-01-26 13:07:18 IST,550,,58.00,,,,
2019-01-26 13:07:33 IST,551,,59.00,,,,
2019-01-26 13:07:55 IST,552,,59.00,,,,
2019-01-26 13:08:18 IST,553,,59.00,,,,
2019-01-26 13:08:33 IST,554,,59.00,,,,
2019-01-26 13:08:48 IST,555,,59.00,,,,
2019-01-26 13:09:03 IST,556,,59.00,,,,
2019-01-26 13:09:19 IST,557,,59.00,,,,
2019-01-26 13:09:34 IST,558,,59.00,,,,
2019-01-26 13:09:49 IST,559,,60.00,,,,
2019-01-26 13:10:05 IST,560,,59.00,,,,
2019-01-26 13:10:20 IST,561,,59.00,,,,
2019-01-26 13:10:36 IST,562,,60.00,,,,
2019-01-26 13:10:52 IST,563,,58.00,,,,
2019-01-26 13:11:07 IST,564,,59.00,,,,
2019-01-26 13:11:30 IST,565,,60.00,,,,
2019-01-26 13:11:46 IST,566,,58.00,,,,
2019-01-26 13:12:02 IST,567,,59.00,,,,
2019-01-26 13:12:18 IST,568,,58.00,,,,
2019-01-26 13:12:34 IST,569,,58.00,,,,
2019-01-26 13:12:56 IST,570,,59.00,,,,
2019-01-26 13:13:19 IST,571,,59.00,,,,
2019-01-26 13:13:34 IST,572,,59.00,,,,
2019-01-26 13:13:49 IST,573,,58.00,,,,
2019-01-26 13:14:04 IST,574,,59.00,,,,
2019-01-26 13:14:19 IST,575,,59.00,,,,
2019-01-26 13:14:34 IST,576,,58.00,,,,
2019-01-26 13:14:49 IST,577,,59.00,,,,
2019-01-26 13:15:06 IST,578,,58.00,,,,
2019-01-26 13:15:21 IST,579,,58.00,,,,
2019-01-26 13:15:36 IST,580,,58.00,,,,
2019-01-26 13:15:51 IST,581,,58.00,,,,
2019-01-26 13:16:06 IST,582,,58.00,,,,
2019-01-26 13:16:21 IST,583,,58.00,,,,
2019-01-26 13:16:43 IST,584,,59.00,,,,
2019-01-26 13:17:05 IST,585,,59.00,,,,
2019-01-26 13:17:21 IST,586,,59.00,,,,
2019-01-26 13:17:43 IST,587,,59.00,,,,
2019-01-26 13:18:05 IST,588,,59.00,,,,
2019-01-26 13:18:27 IST,589,,59.00,,,,
2019-01-26 13:18:42 IST,590,,59.00,,,,
2019-01-26 13:19:05 IST,591,,59.00,,,,
2019-01-26 13:19:28 IST,592,,59.00,,,,
2019-01-26 13:19:44 IST,593,,58.00,,,,
2019-01-26 13:19:59 IST,594,,58.00,,,,
2019-01-26 13:20:21 IST,595,,59.00,,,,
2019-01-26 13:20:36 IST,596,,59.00,,,,
2019-01-26 13:20:58 IST,597,,59.00,,,,
2019-01-26 13:21:14 IST,598,,58.00,,,,
2019-01-26 13:21:36 IST,599,,59.00,,,,
2019-01-26 13:21:58 IST,600,,59.00,,,,
2019-01-26 13:22:22 IST,601,,59.00,,,,
2019-01-26 13:22:44 IST,602,,59.00,,,,
2019-01-26 13:23:06 IST,603,,59.00,,,,
2019-01-26 13:23:29 IST,604,,59.00,,,,
2019-01-26 13:23:45 IST,605,,58.00,,,,
2019-01-26 13:24:00 IST,606,,59.00,,,,
2019-01-26 13:24:16 IST,607,,59.00,,,,
2019-01-26 13:24:31 IST,608,,59.00,,,,
2019-01-26 13:24:46 IST,609,,59.00,,,,
2019-01-26 13:25:01 IST,610,,58.00,,,,
2019-01-26 13:25:24 IST,611,,58.00,,,,
2019-01-26 13:25:40 IST,612,,58.00,,,,
2019-01-26 13:25:55 IST,613,,58.00,,,,
2019-01-26 13:26:11 IST,614,,58.00,,,,
2019-01-26 13:26:26 IST,615,,58.00,,,,
2019-01-26 13:26:41 IST,616,,58.00,,,,
2019-01-26 13:26:57 IST,617,,58.00,,,,
2019-01-26 13:27:13 IST,618,,59.00,,,,
2019-01-26 13:27:35 IST,619,,59.00,,,,
2019-01-26 13:27:56 IST,620,,59.00,,,,
2019-01-26 13:28:11 IST,621,,59.00,,,,
2019-01-26 13:28:36 IST,622,,59.00,,,,
2019-01-26 13:28:58 IST,623,,57.00,,,,
2019-01-26 13:29:13 IST,624,,58.00,,,,
2019-01-26 13:29:28 IST,625,,58.00,,,,
2019-01-26 13:29:51 IST,626,,58.00,,,,
2019-01-26 13:30:14 IST,627,,58.00,,,,
2019-01-26 13:30:30 IST,628,,57.00,,,,
2019-01-26 13:30:45 IST,629,,58.00,,,,
2019-01-26 13:31:00 IST,630,,58.00,,,,
2019-01-26 13:31:15 IST,631,,58.00,,,,
2019-01-26 13:31:30 IST,632,,58.00,,,,
2019-01-26 13:31:46 IST,633,,58.00,,,,
2019-01-26 13:32:08 IST,634,,58.00,,,,
2019-01-26 13:32:31 IST,635,,58.00,,,,
2019-01-26 13:32:54 IST,636,,58.00,,,,
2019-01-26 13:33:09 IST,637,,57.00,,,,
2019-01-26 13:33:24 IST,638,,58.00,,,,
2019-01-26 13:33:40 IST,639,,59.00,,,,
2019-01-26 13:33:55 IST,640,,58.00,,,,
2019-01-26 13:34:11 IST,641,,58.00,,,,
2019-01-26 13:34:26 IST,642,,57.00,,,,
2019-01-26 13:34:42 IST,643,,58.00,,,,
2019-01-26 13:34:57 IST,644,,58.00,,,,
2019-01-26 13:35:13 IST,645,,58.00,,,,
2019-01-26 13:35:28 IST,646,,59.00,,,,
2019-01-26 13:35:50 IST,647,,59.00,,,,
2019-01-26 13:36:06 IST,648,,59.00,,,,
2019-01-26 13:36:21 IST,649,,58.00,,,,
2019-01-26 13:36:36 IST,650,,59.00,,,,
2019-01-26 13:36:51 IST,651,,58.00,,,,
2019-01-26 13:37:07 IST,652,,58.00,,,,
2019-01-26 13:37:29 IST,653,,59.00,,,,
2019-01-26 13:37:51 IST,654,,58.00,,,,
2019-01-26 13:38:06 IST,655,,58.00,,,,
2019-01-26 13:38:28 IST,656,,58.00,,,,
2019-01-26 13:38:44 IST,657,,58.00,,,,
2019-01-26 13:39:06 IST,658,,59.00,,,,
2019-01-26 13:39:22 IST,659,,58.00,,,,
2019-01-26 13:39:37 IST,660,,58.00,,,,
2019-01-26 13:39:52 IST,661,,59.00,,,,
2019-01-26 13:40:15 IST,662,,59.00,,,,
2019-01-26 13:40:37 IST,663,,59.00,,,,
2019-01-26 13:40:59 IST,664,,59.00,,,,
2019-01-26 13:41:15 IST,665,,58.00,,,,
2019-01-26 13:41:30 IST,666,,58.00,,,,
2019-01-26 13:41:46 IST,667,,59.00,,,,
2019-01-26 13:42:09 IST,668,,59.00,,,,
2019-01-26 13:42:24 IST,669,,58.00,,,,
2019-01-26 13:42:39 IST,670,,58.00,,,,
2019-01-26 13:42:55 IST,671,,58.00,,,,
2019-01-26 13:43:10 IST,672,,58.00,,,,
2019-01-26 13:43:26 IST,673,,59.00,,,,
2019-02-08 11:56:40 IST,674,,0.00,,,,
2019-02-08 11:57:01 IST,675,,0.00,,,,
2019-02-08 11:57:22 IST,676,,0.00,,,,
2019-02-08 11:57:42 IST,677,,0.00,,,,
2019-02-08 11:58:04 IST,678,,0.00,,,,
2019-02-08 11:58:25 IST,679,,0.00,,,,
2019-02-08 11:59:16 IST,680,0.00,0.00,,,,
2019-02-08 11:59:36 IST,681,0.00,0.00,,,,
2019-02-08 11:59:58 IST,682,0.00,0.00,,,,
2019-02-08 12:00:19 IST,683,0.00,0.00,,,,
2019-02-08 12:00:40 IST,684,0.00,0.00,,,,
2019-02-08 12:01:01 IST,685,0.00,0.00,,,,
2019-02-08 12:01:22 IST,686,0.00,0.00,,,,
2019-02-08 12:01:44 IST,687,0.00,0.00,,,,
2019-02-08 12:02:05 IST,688,0.00,0.00,,,,
2019-02-08 12:02:27 IST,689,0.00,0.00,,,,
2019-02-08 12:02:48 IST,690,0.00,0.00,,,,
2019-02-08 12:03:09 IST,691,0.00,0.00,,,,
2019-02-08 12:03:30 IST,692,0.00,0.00,,,,
2019-02-08 12:03:51 IST,693,0.00,0.00,,,,
2019-02-08 12:04:12 IST,694,0.00,0.00,,,,
2019-02-08 12:04:33 IST,695,0.00,0.00,,,,
2019-02-08 12:33:57 IST,696,0.00,0.00,,,,
2019-02-08 12:34:15 IST,697,0.00,0.00,,,,
2019-02-08 12:34:36 IST,698,0.00,0.00,,,,
2019-02-08 12:34:57 IST,699,0.00,0.00,,,,
2019-02-08 12:35:12 IST,700,0.00,0.00,,,,
2019-02-08 12:35:49 IST,701,0.00,0.00,,,,
2019-02-08 12:36:06 IST,702,0.00,0.00,,,,
2019-02-08 12:36:27 IST,703,0.00,0.00,,,,
2019-02-08 12:36:48 IST,704,0.00,0.00,,,,
2019-02-08 12:37:20 IST,705,0.00,0.00,,,,
2019-02-08 12:37:47 IST,706,0.00,0.00,,,,
2019-02-08 12:38:36 IST,707,0.00,0.00,,,,
2019-02-08 12:38:58 IST,708,0.00,0.00,,,,
2019-02-08 12:39:16 IST,709,0.00,0.00,,,,
2019-02-08 12:39:38 IST,710,0.00,0.00,,,,
2019-02-08 12:40:03 IST,711,0.00,0.00,,,,
2019-02-08 12:40:24 IST,712,0.00,0.00,,,,
2019-02-08 12:40:46 IST,713,0.00,0.00,,,,
2019-02-08 12:41:07 IST,714,0.00,0.00,,,,
2019-02-08 12:41:28 IST,715,0.00,0.00,,,,
2019-02-08 12:54:18 IST,716,0.00,0.00,,,,
2019-02-08 12:54:39 IST,717,0.00,0.00,,,,
2019-02-08 12:55:25 IST,718,21.00,64.00,,,,
2019-02-08 12:55:47 IST,719,22.00,64.00,,,,
2019-02-08 12:56:08 IST,720,22.00,62.00,,,,
2019-02-08 12:56:27 IST,721,22.00,60.00,,,,
2019-02-08 12:56:48 IST,722,22.00,59.00,,,,
2019-02-08 12:57:09 IST,723,22.00,57.00,,,,
2019-02-08 12:57:30 IST,724,22.00,57.00,,,,
2019-02-08 12:57:51 IST,725,22.00,56.00,,,,
2019-02-08 12:58:12 IST,726,22.00,56.00,,,,
2019-02-08 12:58:34 IST,727,22.00,56.00,,,,
2019-02-08 12:58:55 IST,728,22.00,55.00,,,,
2019-02-08 12:59:16 IST,729,22.00,56.00,,,,
2019-02-08 12:59:37 IST,730,22.00,56.00,,,,
2019-02-08 12:59:58 IST,731,22.00,56.00,,,,
2019-02-08 13:00:19 IST,732,22.00,56.00,,,,
2019-02-08 13:00:40 IST,733,22.00,57.00,,,,
2019-02-08 13:01:01 IST,734,22.00,57.00,,,,
2019-02-08 13:01:23 IST,735,22.00,56.00,,,,
2019-02-08 13:01:44 IST,736,22.00,56.00,,,,
2019-02-08 13:02:05 IST,737,22.00,56.00,,,,
2019-02-08 13:02:27 IST,738,22.00,56.00,,,,
2019-02-08 13:02:48 IST,739,22.00,56.00,,,,
2019-02-08 13:03:09 IST,740,21.00,55.00,,,,
2019-02-08 13:03:30 IST,741,22.00,56.00,,,,
2019-02-08 13:03:51 IST,742,22.00,56.00,,,,
2019-02-08 13:04:12 IST,743,22.00,56.00,,,,
2019-02-08 13:04:34 IST,744,22.00,57.00,,,,
2019-02-08 13:04:55 IST,745,22.00,56.00,,,,
2019-02-08 13:05:16 IST,746,22.00,56.00,,,,
2019-02-08 13:05:37 IST,747,22.00,56.00,,,,
2019-02-08 13:05:58 IST,748,22.00,56.00,,,,
2019-02-08 13:06:19 IST,749,24.00,95.00,,,,
2019-02-08 13:06:41 IST,750,24.00,95.00,,,,
2019-02-08 13:07:02 IST,751,23.00,95.00,,,,
2019-02-08 13:07:24 IST,752,22.00,95.00,,,,
2019-02-08 13:07:45 IST,753,22.00,95.00,,,,
2019-02-08 13:08:06 IST,754,22.00,76.00,,,,
2019-02-08 13:08:27 IST,755,22.00,68.00,,,,
2019-02-08 13:08:48 IST,756,22.00,64.00,,,,
2019-02-08 13:09:10 IST,757,22.00,62.00,,,,
2019-02-08 13:09:31 IST,758,22.00,60.00,,,,
2019-02-08 13:09:52 IST,759,22.00,59.00,,,,
2019-02-08 13:10:13 IST,760,22.00,58.00,,,,
2019-02-08 13:10:34 IST,761,22.00,58.00,,,,
2019-02-08 13:10:56 IST,762,22.00,58.00,,,,
2019-02-08 13:11:17 IST,763,22.00,58.00,,,,
2019-02-08 13:11:38 IST,764,22.00,58.00,,,,
2019-02-08 13:11:53 IST,765,22.00,58.00,,,,
2019-02-08 13:12:15 IST,766,22.00,58.00,,,,
2019-02-08 13:12:36 IST,767,22.00,58.00,,,,
2019-02-08 13:12:56 IST,768,22.00,58.00,,,,
2019-02-08 13:13:18 IST,769,22.00,58.00,,,,
2019-02-08 13:13:39 IST,770,21.00,57.00,,,,
2019-02-08 13:14:00 IST,771,22.00,58.00,,,,
2019-02-08 13:14:22 IST,772,22.00,58.00,,,,
2019-02-08 13:14:43 IST,773,22.00,58.00,,,,
2019-02-08 13:15:04 IST,774,22.00,57.00,,,,
2019-02-08 13:15:26 IST,775,22.00,58.00,,,,
2019-02-08 13:15:46 IST,776,22.00,57.00,,,,
2019-02-08 13:16:07 IST,777,22.00,58.00,,,,
2019-02-08 13:16:29 IST,778,22.00,58.00,,,,
2019-02-08 13:16:50 IST,779,22.00,58.00,,,,
2019-02-08 13:17:11 IST,780,22.00,58.00,,,,
2019-02-08 13:17:32 IST,781,22.00,58.00,,,,
2019-02-08 13:17:53 IST,782,22.00,58.00,,,,
2019-02-08 13:18:14 IST,783,22.00,57.00,,,,
2019-02-08 13:18:35 IST,784,22.00,57.00,,,,
2019-02-08 13:18:56 IST,785,22.00,57.00,,,,
2019-02-08 13:19:17 IST,786,22.00,57.00,,,,
2019-02-08 13:19:38 IST,787,22.00,57.00,,,,
2019-02-08 13:19:56 IST,788,22.00,57.00,,,,
2019-02-08 13:20:18 IST,789,22.00,58.00,,,,
2019-02-08 13:20:39 IST,790,22.00,58.00,,,,
2019-02-08 13:21:00 IST,791,21.00,55.00,,,,
2019-02-08 13:21:22 IST,792,21.00,54.00,,,,
2019-02-08 13:21:43 IST,793,21.00,54.00,,,,
2019-02-08 13:22:04 IST,794,21.00,55.00,,,,
2019-02-08 13:22:25 IST,795,21.00,56.00,,,,
2019-02-08 13:22:46 IST,796,21.00,57.00,,,,
2019-02-08 13:23:07 IST,797,21.00,57.00,,,,
2019-02-08 13:23:28 IST,798,21.00,58.00,,,,
2019-02-08 13:23:49 IST,799,21.00,57.00,,,,
2019-02-08 13:24:10 IST,800,21.00,58.00,,,,
2019-02-08 13:24:31 IST,801,21.00,57.00,,,,
2019-02-08 13:24:52 IST,802,20.00,56.00,,,,
2019-02-08 13:25:14 IST,803,20.00,55.00,,,,
2019-02-08 13:25:35 IST,804,20.00,55.00,,,,
2019-02-08 13:25:56 IST,805,20.00,57.00,,,,
2019-02-08 13:26:18 IST,806,20.00,58.00,,,,
2019-02-08 13:26:39 IST,807,20.00,57.00,,,,
2019-02-08 13:27:01 IST,808,21.00,58.00,,,,
2019-02-08 13:27:21 IST,809,20.00,57.00,,,,
2019-02-08 13:27:42 IST,810,20.00,58.00,,,,
2019-02-08 13:28:04 IST,811,20.00,58.00,,,,
2019-02-08 13:28:25 IST,812,20.00,59.00,,,,
2019-02-08 13:28:47 IST,813,20.00,59.00,,,,
2019-02-08 13:29:08 IST,814,20.00,60.00,,,,
2019-02-08 13:29:29 IST,815,20.00,60.00,,,,
2019-02-08 13:29:50 IST,816,20.00,60.00,,,,
2019-02-08 13:30:11 IST,817,20.00,60.00,,,,
2019-02-08 13:30:32 IST,818,20.00,60.00,,,,
2019-02-08 13:30:53 IST,819,20.00,60.00,,,,
2019-02-08 13:31:15 IST,820,20.00,60.00,,,,
2019-02-08 13:31:36 IST,821,20.00,60.00,,,,
2019-02-08 13:31:57 IST,822,20.00,60.00,,,,
2019-02-08 13:32:18 IST,823,20.00,60.00,,,,
2019-02-08 13:32:39 IST,824,20.00,60.00,,,,
2019-02-08 13:33:00 IST,825,20.00,61.00,,,,
2019-02-08 13:33:22 IST,826,20.00,61.00,,,,
2019-02-08 13:33:43 IST,827,20.00,61.00,,,,
2019-02-08 13:34:04 IST,828,20.00,62.00,,,,
2019-02-08 13:34:25 IST,829,20.00,62.00,,,,
2019-02-08 13:34:46 IST,830,20.00,62.00,,,,
2019-02-08 13:35:07 IST,831,19.00,62.00,,,,
2019-02-08 13:35:28 IST,832,19.00,62.00,,,,
2019-02-08 13:35:49 IST,833,20.00,62.00,,,,
2019-02-08 13:36:11 IST,834,20.00,62.00,,,,
2019-02-08 13:36:32 IST,835,20.00,62.00,,,,
2019-02-08 13:36:53 IST,836,20.00,61.00,,,,
2019-02-08 13:37:14 IST,837,20.00,61.00,,,,
2019-02-08 13:37:35 IST,838,20.00,61.00,,,,
2019-02-08 13:37:56 IST,839,20.00,61.00,,,,
2019-02-08 13:38:17 IST,840,20.00,61.00,,,,
2019-02-08 13:38:38 IST,841,20.00,61.00,,,,
2019-02-08 13:39:00 IST,842,19.00,61.00,,,,
2019-02-08 13:39:20 IST,843,19.00,62.00,,,,
2019-02-08 13:39:42 IST,844,19.00,62.00,,,,
2019-02-08 13:40:03 IST,845,19.00,62.00,,,,
2019-02-08 13:40:24 IST,846,19.00,62.00,,,,
2019-02-08 13:40:45 IST,847,19.00,61.00,,,,
2019-02-08 13:41:07 IST,848,19.00,61.00,,,,
2019-02-08 13:41:28 IST,849,19.00,63.00,,,,
2019-02-08 13:41:49 IST,850,19.00,63.00,,,,
2019-02-08 13:42:10 IST,851,19.00,63.00,,,,
2019-02-08 13:42:31 IST,852,19.00,63.00,,,,
2019-02-08 13:42:52 IST,853,19.00,63.00,,,,
2019-02-08 13:43:13 IST,854,19.00,63.00,,,,
2019-02-08 13:43:34 IST,855,19.00,63.00,,,,
2019-02-08 13:43:55 IST,856,19.00,63.00,,,,
2019-02-08 13:44:17 IST,857,19.00,63.00,,,,
2019-02-08 13:44:38 IST,858,19.00,64.00,,,,
2019-02-08 13:44:59 IST,859,19.00,62.00,,,,
2019-02-08 13:45:20 IST,860,19.00,64.00,,,,
2019-02-08 13:45:41 IST,861,19.00,64.00,,,,
2019-02-08 13:46:03 IST,862,19.00,64.00,,,,
2019-02-08 13:46:24 IST,863,19.00,64.00,,,,
2019-02-08 13:46:45 IST,864,19.00,64.00,,,,
2019-02-08 13:47:06 IST,865,19.00,63.00,,,,
2019-02-08 13:47:27 IST,866,19.00,62.00,,,,
2019-02-08 13:47:48 IST,867,19.00,63.00,,,,
2019-02-08 13:48:09 IST,868,19.00,63.00,,,,
2019-02-08 13:48:32 IST,869,19.00,63.00,,,,
2019-02-08 13:48:48 IST,870,19.00,63.00,,,,
2019-02-08 13:49:06 IST,871,19.00,63.00,,,,
2019-02-08 13:49:22 IST,872,19.00,63.00,,,,
2019-02-08 13:49:39 IST,873,19.00,63.00,,,,
2019-02-08 13:49:55 IST,874,19.00,62.00,,,,
2019-02-08 13:50:10 IST,875,19.00,62.00,,,,
2019-02-08 13:50:32 IST,876,19.00,62.00,,,,
2019-02-08 13:50:53 IST,877,19.00,61.00,,,,
2019-02-08 13:51:14 IST,878,19.00,60.00,,,,
2019-02-08 13:51:36 IST,879,19.00,61.00,,,,
2019-02-08 13:51:56 IST,880,19.00,62.00,,,,
2019-02-08 13:52:17 IST,881,19.00,62.00,,,,
2019-02-08 13:52:38 IST,882,19.00,62.00,,,,
2019-02-08 13:53:00 IST,883,18.00,63.00,,,,
2019-02-08 13:53:21 IST,884,19.00,63.00,,,,
2019-02-08 13:53:42 IST,885,19.00,63.00,,,,
2019-02-08 13:54:03 IST,886,19.00,63.00,,,,
2019-02-08 13:54:24 IST,887,19.00,63.00,,,,
2019-02-08 13:54:45 IST,888,19.00,64.00,,,,
2019-02-08 13:55:06 IST,889,19.00,63.00,,,,
2019-02-08 13:55:27 IST,890,19.00,63.00,,,,
2019-02-08 13:55:48 IST,891,19.00,64.00,,,,
2019-02-08 13:56:09 IST,892,19.00,63.00,,,,
2019-02-08 13:56:30 IST,893,19.00,63.00,,,,
2019-02-08 13:56:51 IST,894,19.00,63.00,,,,
2019-02-08 13:57:12 IST,895,19.00,63.00,,,,
2019-02-08 13:57:33 IST,896,19.00,63.00,,,,
2019-02-08 13:57:54 IST,897,19.00,63.00,,,,
2019-02-08 13:58:15 IST,898,19.00,63.00,,,,
2019-02-08 13:58:36 IST,899,19.00,64.00,,,,
2019-02-08 13:58:58 IST,900,19.00,64.00,,,,
2019-02-08 13:59:18 IST,901,19.00,64.00,,,,
2019-02-08 13:59:39 IST,902,19.00,64.00,,,,
2019-02-08 14:00:01 IST,903,19.00,64.00,,,,
2019-02-08 14:00:22 IST,904,19.00,64.00,,,,
2019-02-08 14:00:43 IST,905,19.00,64.00,,,,
2019-02-08 14:01:04 IST,906,19.00,64.00,,,,
2019-02-08 14:01:25 IST,907,19.00,64.00,,,,
2019-02-08 14:01:46 IST,908,19.00,64.00,,,,
2019-02-08 14:02:07 IST,909,19.00,64.00,,,,
2019-02-08 14:02:28 IST,910,19.00,64.00,,,,
2019-02-08 14:02:49 IST,911,19.00,63.00,,,,
2019-02-08 14:03:10 IST,912,19.00,63.00,,,,
2019-02-08 14:03:31 IST,913,19.00,63.00,,,,
2019-02-08 14:03:52 IST,914,19.00,63.00,,,,
2019-02-08 14:04:13 IST,915,19.00,63.00,,,,
2019-02-08 14:04:34 IST,916,19.00,64.00,,,,
2019-02-08 14:04:55 IST,917,19.00,64.00,,,,
2019-02-08 14:05:16 IST,918,19.00,64.00,,,,
2019-02-08 14:37:55 IST,919,0.00,0.00,,,,
2019-02-08 14:38:16 IST,920,0.00,0.00,,,,
2019-02-08 14:38:37 IST,921,0.00,0.00,,,,
2019-02-08 14:38:58 IST,922,0.00,0.00,,,,
2019-02-08 14:39:20 IST,923,0.00,0.00,,,,
2019-02-08 14:39:41 IST,924,0.00,0.00,,,,
2019-02-08 14:40:02 IST,925,0.00,0.00,,,,
2019-02-08 14:40:22 IST,926,0.00,0.00,,,,
2019-02-08 14:40:39 IST,927,0.00,0.00,,,,
2019-02-08 14:41:00 IST,928,0.00,0.00,,,,
2019-02-08 14:41:21 IST,929,0.00,0.00,,,,
2019-02-08 14:41:43 IST,930,0.00,0.00,,,,
2019-02-08 14:42:04 IST,931,0.00,0.00,,,,
2019-02-08 14:42:25 IST,932,0.00,0.00,,,,
2019-02-08 14:42:46 IST,933,0.00,0.00,,,,
2019-02-08 14:43:07 IST,934,0.00,0.00,,,,
2019-02-08 14:43:28 IST,935,0.00,0.00,,,,
2019-02-08 14:43:49 IST,936,0.00,0.00,,,,
2019-02-08 14:44:11 IST,937,0.00,0.00,,,,
2019-02-08 14:44:32 IST,938,0.00,0.00,,,,
2019-02-08 14:44:53 IST,939,0.00,0.00,,,,
2019-02-08 14:45:14 IST,940,0.00,0.00,,,,
2019-02-08 14:45:35 IST,941,0.00,0.00,,,,
2019-02-08 14:45:56 IST,942,0.00,0.00,,,,
2019-02-08 14:46:18 IST,943,0.00,0.00,,,,
